Journal Date,Journal No.,Account,Debits,Credits,Description,Location
08/26/2026,Dinv0826-5164,Marketing & Franchise Fees:Franchise Royalties,537.34,,IV-11168047 - Royalty,5164-Berkshire OH
08/26/2026,Dinv0826-5164,Marketing & Franchise Fees:Marketing Fees,644.81,,IV-11168047 - Advertising,5164-Berkshire OH
08/26/2026,Dinv0826-5164,Marketing & Franchise Fees:BBF Investment Addtl,214.94,,IV-11168047 - Additional BBF Investment,5164-Berkshire OH
08/26/2026,Dinv0826-5164,Marketing & Franchise Fees:Technology Fee,58.85,,IV-11168047 - Help Desk Support; IV-11168047 - Help Desk Support - Software,5164-Berkshire OH
08/26/2026,Dinv0826-5164,Marketing & Franchise Fees,54.0,,IV-11168047 - No Kid Hungry Collections,5164-Berkshire OH
08/26/2026,Dinv0826-5164,Occupancy:Rent,1289.62,,IV-11168047 - Pilot / Flying J Percentage Rent,5164-Berkshire OH
08/26/2026,Dinv0826-5164,Denny's Inc,,2799.56,IV-11168047 - Royalty; IV-11168047 - Advertising; IV-11168047 - Additional BBF Investment; IV-11168047 - Help Desk Support; IV-11168047 - Help Desk Support - Software; IV-11168047 - No Kid Hungry Collections; IV-11168047 - Pilot / Flying J Percentage Rent,5164-Berkshire OH
08/26/2026,Dinv0826-5165,Marketing & Franchise Fees:Franchise Royalties,487.8,,IV-11167824 - Royalty,5165-Perrysburg OH
08/26/2026,Dinv0826-5165,Marketing & Franchise Fees:Marketing Fees,585.36,,IV-11167824 - Advertising,5165-Perrysburg OH
08/26/2026,Dinv0826-5165,Marketing & Franchise Fees:BBF Investment Addtl,195.12,,IV-11167824 - Additional BBF Investment,5165-Perrysburg OH
08/26/2026,Dinv0826-5165,Marketing & Franchise Fees:Technology Fee,58.71,,IV-11167824 - Help Desk Support; IV-11167824 - Help Desk Support - Software,5165-Perrysburg OH
08/26/2026,Dinv0826-5165,Marketing & Franchise Fees,6.0,,IV-11167824 - No Kid Hungry Collections,5165-Perrysburg OH
08/26/2026,Dinv0826-5165,Occupancy:Rent,585.36,,IV-11167824 - Pilot / Flying J Percentage Rent,5165-Perrysburg OH
08/26/2026,Dinv0826-5165,Denny's Inc,,1918.35,IV-11167824 - Royalty; IV-11167824 - Advertising; IV-11167824 - Additional BBF Investment; IV-11167824 - Help Desk Support; IV-11167824 - Help Desk Support - Software; IV-11167824 - No Kid Hungry Collections; IV-11167824 - Pilot / Flying J Percentage Rent,5165-Perrysburg OH
08/26/2026,Dinv0826-5166,Marketing & Franchise Fees:Franchise Royalties,460.9,,IV-11167559 - Royalty,5166-Jeffersonville
08/26/2026,Dinv0826-5166,Marketing & Franchise Fees:Marketing Fees,553.07,,IV-11167559 - Advertising,5166-Jeffersonville
08/26/2026,Dinv0826-5166,Marketing & Franchise Fees:BBF Investment Addtl,184.36,,IV-11167559 - Additional BBF Investment,5166-Jeffersonville
08/26/2026,Dinv0826-5166,Marketing & Franchise Fees:Technology Fee,58.99,,IV-11167559 - Help Desk Support; IV-11167559 - Help Desk Support - Software,5166-Jeffersonville
08/26/2026,Dinv0826-5166,Occupancy:Rent,921.79,,IV-11167559 - Pilot / Flying J Percentage Rent,5166-Jeffersonville
08/26/2026,Dinv0826-5166,Denny's Inc,,2179.11,IV-11167559 - Royalty; IV-11167559 - Advertising; IV-11167559 - Additional BBF Investment; IV-11167559 - Help Desk Support; IV-11167559 - Help Desk Support - Software; IV-11167559 - Pilot / Flying J Percentage Rent,5166-Jeffersonville
08/26/2026,Dinv0826-5167,Marketing & Franchise Fees:Franchise Royalties,528.87,,IV-11167348 - Royalty,5167-Elizabethtown KY
08/26/2026,Dinv0826-5167,Marketing & Franchise Fees:Marketing Fees,634.65,,IV-11167348 - Advertising,5167-Elizabethtown KY
08/26/2026,Dinv0826-5167,Marketing & Franchise Fees:BBF Investment Addtl,211.55,,IV-11167348 - Additional BBF Investment,5167-Elizabethtown KY
08/26/2026,Dinv0826-5167,Marketing & Franchise Fees:Technology Fee,58.3,,IV-11167348 - Help Desk Support; IV-11167348 - Help Desk Support - Software,5167-Elizabethtown KY
08/26/2026,Dinv0826-5167,Marketing & Franchise Fees,100.13,,IV-11167348 - No Kid Hungry Collections; IV-11167348 - OLO Subscription Fee OLO Meltdown - July 26 - Rails; IV-11167348 - OLO Transaction Fee OLO Meltdown-July 26 -Rails,5167-Elizabethtown KY
08/26/2026,Dinv0826-5167,Denny's Inc,,1533.5,IV-11167348 - Royalty; IV-11167348 - Advertising; IV-11167348 - Additional BBF Investment; IV-11167348 - Help Desk Support; IV-11167348 - Help Desk Support - Software; IV-11167348 - No Kid Hungry Collections; IV-11167348 - OLO Subscription Fee OLO Meltdown - July 26 - Rails; IV-11167348 - OLO Transaction Fee OLO Meltdown-July 26 -Rails,5167-Elizabethtown KY
08/26/2026,Dinv0826-5168,Marketing & Franchise Fees:Franchise Royalties,460.32,,IV-11167476 - Royalty,5168-Catlettsburg KY
08/26/2026,Dinv0826-5168,Marketing & Franchise Fees:Marketing Fees,552.38,,IV-11167476 - Advertising,5168-Catlettsburg KY
08/26/2026,Dinv0826-5168,Occupancy:Rent,1104.76,,IV-11167476 - Percentage Rent,5168-Catlettsburg KY
08/26/2026,Dinv0826-5168,Marketing & Franchise Fees:BBF Investment Addtl,184.13,,IV-11167476 - Additional BBF Investment,5168-Catlettsburg KY
08/26/2026,Dinv0826-5168,Marketing & Franchise Fees:Technology Fee,58.3,,IV-11167476 - Help Desk Support; IV-11167476 - Help Desk Support - Software,5168-Catlettsburg KY
08/26/2026,Dinv0826-5168,Marketing & Franchise Fees,275.0,,IV-11167476 - Food Safety Revisit NSF-Inv 253351,5168-Catlettsburg KY
08/26/2026,Dinv0826-5168,Denny's Inc,,2634.89,IV-11167476 - Royalty; IV-11167476 - Advertising; IV-11167476 - Percentage Rent; IV-11167476 - Additional BBF Investment; IV-11167476 - Help Desk Support; IV-11167476 - Help Desk Support - Software; IV-11167476 - Food Safety Revisit NSF-Inv 253351,5168-Catlettsburg KY
08/26/2026,Dinv0826-5169,Marketing & Franchise Fees:Franchise Royalties,679.19,,IV-11167415 - Royalty,5169-Columbus OH
08/26/2026,Dinv0826-5169,Marketing & Franchise Fees:Marketing Fees,815.03,,IV-11167415 - Advertising,5169-Columbus OH
08/26/2026,Dinv0826-5169,Marketing & Franchise Fees:BBF Investment Addtl,271.68,,IV-11167415 - Additional BBF Investment,5169-Columbus OH
08/26/2026,Dinv0826-5169,Marketing & Franchise Fees:Technology Fee,59.4,,IV-11167415 - Help Desk Support; IV-11167415 - Help Desk Support - Software,5169-Columbus OH
08/26/2026,Dinv0826-5169,Marketing & Franchise Fees,46.58,,IV-11167415 - OLO Subscription Fee OLO Meltdown - July 26 - Rails; IV-11167415 - OLO Transaction Fee OLO Meltdown-July 26 -Rails,5169-Columbus OH
08/26/2026,Dinv0826-5169,Denny's Inc,,1871.88,IV-11167415 - Royalty; IV-11167415 - Advertising; IV-11167415 - Additional BBF Investment; IV-11167415 - Help Desk Support; IV-11167415 - Help Desk Support - Software; IV-11167415 - OLO Subscription Fee OLO Meltdown - July 26 - Rails; IV-11167415 - OLO Transaction Fee OLO Meltdown-July 26 -Rails,5169-Columbus OH
08/26/2026,Dinv0826-7401,Marketing & Franchise Fees:Franchise Royalties,1210.83,,IV-11167565 - Royalty,7401-Youngstown
08/26/2026,Dinv0826-7401,Marketing & Franchise Fees:Marketing Fees,807.22,,IV-11167565 - Advertising,7401-Youngstown
08/26/2026,Dinv0826-7401,Marketing & Franchise Fees:Technology Fee,68.16,,IV-11167565 - Help Desk Support; IV-11167565 - Help Desk Support - Software,7401-Youngstown
08/26/2026,Dinv0826-7401,Marketing & Franchise Fees,202.32,,IV-11167565 - No Kid Hungry Collections; IV-11167565 - POS Monthly Maintenance Software - Franchise; IV-11167565 - OLO Subscription Fee OLO Meltdown - July 26 - Rails; IV-11167565 - OLO Subscription Fee OLO Nathan's Famous- July 26; IV-11167565 - OLO Transaction Fee OLO Meltdown-July 26 -Rails; IV-11167565 - OLO Transaction Fee OLO Nathan's Famous July 26; IV-11167565 - PowerFund,7401-Youngstown
08/26/2026,Dinv0826-7401,Denny's Inc,,2288.53,IV-11167565 - Royalty; IV-11167565 - Advertising; IV-11167565 - Help Desk Support; IV-11167565 - Help Desk Support - Software; IV-11167565 - No Kid Hungry Collections; IV-11167565 - POS Monthly Maintenance Software - Franchise; IV-11167565 - OLO Subscription Fee OLO Meltdown - July 26 - Rails; IV-11167565 - OLO Subscription Fee OLO Nathan's Famous- July 26; IV-11167565 - OLO Transaction Fee OLO Meltdown-July 26 -Rails; IV-11167565 - OLO Transaction Fee OLO Nathan's Famous July 26; IV-11167565 - PowerFund,7401-Youngstown
08/26/2026,Dinv0826-9690,Marketing & Franchise Fees:Franchise Royalties,694.45,,IV-11167405 - Royalty,9690 - Marietta Rest
08/26/2026,Dinv0826-9690,Marketing & Franchise Fees:Marketing Fees,462.97,,IV-11167405 - Advertising,9690 - Marietta Rest
08/26/2026,Dinv0826-9690,Marketing & Franchise Fees:Technology Fee,69.13,,IV-11167405 - Help Desk Support; IV-11167405 - Help Desk Support - Software,9690 - Marietta Rest
08/26/2026,Dinv0826-9690,Marketing & Franchise Fees,160.19,,IV-11167405 - No Kid Hungry Collections; IV-11167405 - POS Monthly Maintenance Software - Franchise; IV-11167405 - OLO Subscription Fee OLO Meltdown - July 26 - Rails; IV-11167405 - OLO Transaction Fee OLO Meltdown-July 26 -Rails; IV-11167405 - PowerFund,9690 - Marietta Rest
08/26/2026,Dinv0826-9690,Denny's Inc,,1386.74,IV-11167405 - Royalty; IV-11167405 - Advertising; IV-11167405 - Help Desk Support; IV-11167405 - Help Desk Support - Software; IV-11167405 - No Kid Hungry Collections; IV-11167405 - POS Monthly Maintenance Software - Franchise; IV-11167405 - OLO Subscription Fee OLO Meltdown - July 26 - Rails; IV-11167405 - OLO Transaction Fee OLO Meltdown-July 26 -Rails; IV-11167405 - PowerFund,9690 - Marietta Rest
08/26/2026,Dinv0826-9697,Marketing & Franchise Fees:Franchise Royalties,1126.68,,IV-11167391 - Royalty,9697-Findley
08/26/2026,Dinv0826-9697,Marketing & Franchise Fees:Marketing Fees,751.12,,IV-11167391 - Advertising,9697-Findley
08/26/2026,Dinv0826-9697,Marketing & Franchise Fees:Technology Fee,68.16,,IV-11167391 - Help Desk Support; IV-11167391 - Help Desk Support - Software,9697-Findley
08/26/2026,Dinv0826-9697,Marketing & Franchise Fees,251.46,,IV-11167391 - No Kid Hungry Collections; IV-11167391 - POS Monthly Maintenance Software - Franchise; IV-11167391 - OLO Subscription Fee OLO Meltdown - July 26 - Rails; IV-11167391 - OLO Transaction Fee OLO Meltdown-July 26 -Rails,9697-Findley
08/26/2026,Dinv0826-9697,Denny's Inc,,2197.42,IV-11167391 - Royalty; IV-11167391 - Advertising; IV-11167391 - Help Desk Support; IV-11167391 - Help Desk Support - Software; IV-11167391 - No Kid Hungry Collections; IV-11167391 - POS Monthly Maintenance Software - Franchise; IV-11167391 - OLO Subscription Fee OLO Meltdown - July 26 - Rails; IV-11167391 - OLO Transaction Fee OLO Meltdown-July 26 -Rails,9697-Findley
